Workbook

Sheet Portfolio Allocation
A1: Factset Upload | D1: Total Portfolio | E1: 100000
D2: Count of Stocks | E2: =COUNTA(A6:A15) -> 10
D3: Allocation per Stock | E3: =E1/E2 -> 10000
A5: Stock | B5: Shares | D5: Stock
A6: MSFT | B6: =ROUNDDOWN(($E$3/E6),0) -> 20 | D6: #VALUE! | E6: {=_FV(D6,"Price")} -> 493.51
A7: WMT | B7: =ROUNDDOWN(($E$3/E7),0) -> 93 | D7: #VALUE! | E7: {=_FV(D7,"Price")} -> 107.5075
A8: AAPL | B8: =ROUNDDOWN(($E$3/E8),0) -> 29 | D8: #VALUE! | E8: {=_FV(D8,"Price")} -> 334.65
A9: BAC | B9: =ROUNDDOWN(($E$3/E9),0) -> 172 | D9: #VALUE! | E9: {=_FV(D9,"Price")} -> 57.875
A10: NVDA | B10: =ROUNDDOWN(($E$3/E10),0) -> 45 | D10: #VALUE! | E10: {=_FV(D10,"Price")} -> 219.375
A11: GEV | B11: =ROUNDDOWN(($E$3/E11),0) -> 10 | D11: #VALUE! | E11: {=_FV(D11,"Price")} -> 932
A12: VTI | B12: =ROUNDDOWN(($E$3/E12),0) -> 26 | D12: #VALUE! | E12: {=_FV(D12,"Price")} -> 374.215
A13: SPCX | B13: =ROUNDDOWN(($E$3/E13),0) -> 66 | D13: #VALUE! | E13: {=_FV(D13,"Price")} -> 150.735
A14: SPY | B14: =ROUNDDOWN(($E$3/E14),0) -> 13 | D14: #VALUE! | E14: {=_FV(D14,"Price")} -> 758.96
A15: AVGO | B15: =ROUNDDOWN(($E$3/E15),0) -> 28 | D15: #VALUE! | E15: {=_FV(D15,"Price")} -> 355.22

Sheet FactSet Upload
A1: ='Portfolio Allocation'!A6 -> MSFT | B1: ='Portfolio Allocation'!B6 -> 20
A2: ='Portfolio Allocation'!A7 -> WMT | B2: ='Portfolio Allocation'!B7 -> 93
A3: ='Portfolio Allocation'!A8 -> AAPL | B3: ='Portfolio Allocation'!B8 -> 29
A4: ='Portfolio Allocation'!A9 -> BAC | B4: ='Portfolio Allocation'!B9 -> 172
A5: ='Portfolio Allocation'!A10 -> NVDA | B5: ='Portfolio Allocation'!B10 -> 45
A6: ='Portfolio Allocation'!A11 -> GEV | B6: ='Portfolio Allocation'!B11 -> 10
A7: ='Portfolio Allocation'!A12 -> VTI | B7: ='Portfolio Allocation'!B12 -> 26
A8: ='Portfolio Allocation'!A13 -> SPCX | B8: ='Portfolio Allocation'!B13 -> 66
A9: ='Portfolio Allocation'!A14 -> SPY | B9: ='Portfolio Allocation'!B14 -> 13
A10: ='Portfolio Allocation'!A15 -> AVGO | B10: ='Portfolio Allocation'!B15 -> 28
